n,sigma2,tau,rep,formulation,root_ub,root_lb,root_gap,end_ub,end_lb,end_gap,TPR,FPR,nnz,node_count,time
100,0.1,1.0,105,original,-22.641104117246364,-22.641107828688114,-1.6392494510285684e-07,-22.641110145775336,-22.641106554217252,1.5862994617764107e-07,0.9047619047619048,0.05063291139240506,23,1.0,0.17061495780944824
100,0.1,1.0,105,opt,inf,-inf,,-22.641110381449884,-22.64111038144987,6.276571455985267e-16,0.9047619047619048,0.05063291139240506,23,1.0,0.020869016647338867
1600,0.1,1.0,105,original,-74.2224105320002,-74.22533778215329,-3.94388990078749e-05,-74.22242765128138,-74.22242170548596,8.010780043695633e-08,0.9416666666666667,0.027702702702702704,154,1731.0,9.25909686088562
1600,0.1,1.0,105,opt,inf,-inf,,-74.22242785166387,-74.22242785127705,5.211625064608111e-12,0.9416666666666667,0.027702702702702704,154,1.0,0.1550757884979248
10000,0.1,1.0,105,original,-595.8381356151497,-595.8625807920278,-4.102653962028069e-05,-595.8390087861494,-595.861662205681,-3.8019362944603655e-05,0.981,0.10177777777777777,1897,121111.0,3600.4656059741974
10000,0.1,1.0,105,opt,-595.8393890523021,-595.839510632768,-2.0404905778881047e-07,-595.8393890523573,-595.8393890523021,9.272935651431116e-14,0.981,0.10344444444444445,1912,7.0,1.8534789085388184
