n,sigma2,tau,rep,formulation,root_ub,root_lb,root_gap,end_ub,end_lb,end_gap,TPR,FPR,nnz,node_count,time
100,0.1,1.0,102,original,-19.566820517518373,-19.569673654811783,-0.00014581506948745045,-19.566821051776998,-19.566820517518373,2.7304313944611674e-08,0.8260869565217391,0.03896103896103896,22,4.0,0.2600579261779785
100,0.1,1.0,102,opt,inf,-inf,,-19.566821083180997,-19.566821083181004,-3.631365221460831e-16,0.8260869565217391,0.03896103896103896,22,1.0,0.024435043334960938
1600,0.1,1.0,102,original,-108.9716246989687,-108.97584489329361,-3.872746080985358e-05,-108.97166557050116,-108.97166557050525,-3.755770948853044e-14,0.9917355371900827,0.03989181879648411,179,10411.0,20.670185089111328
1600,0.1,1.0,102,opt,inf,-inf,,-108.97165738908393,-108.97165738908677,-2.6081744658543762e-14,0.9917355371900827,0.0392156862745098,178,1.0,0.25234293937683105
