n,sigma2,tau,rep,formulation,root_ub,root_lb,root_gap,end_ub,end_lb,end_gap,TPR,FPR,nnz,node_count,time
100,0.1,1.0,103,original,-31.091453259205004,-31.098489817728634,-0.00022631809664757364,-31.091460596826018,-31.091453298605323,2.347339286851217e-07,0.92,0.06666666666666667,28,16.0,0.21773314476013184
100,0.1,1.0,103,opt,inf,-inf,,-31.091460817333434,-31.09146081733349,-1.8282646542332262e-15,0.92,0.06666666666666667,28,1.0,0.01393580436706543
1600,0.1,1.0,103,original,-82.49445327548972,-82.49863036464458,-5.0634788025272196e-05,-82.4945101493322,-82.49450909774271,1.274738756450567e-08,0.952,0.03525423728813559,171,1165.0,10.885932922363281
1600,0.1,1.0,103,opt,-82.49451042933819,-82.49565942482486,-1.3928144802525147e-05,-82.49451042933592,-82.49451042933819,-2.7562279509252724e-14,0.952,0.03525423728813559,171,3.0,0.19320988655090332
