n,sigma2,tau,rep,formulation,root_ub,root_lb,root_gap,end_ub,end_lb,end_gap,TPR,FPR,nnz,node_count,time
100,0.1,1.0,104,original,-16.559564701049794,-16.55957710507596,-7.490550862443383e-07,-16.559567004588004,-16.559564701049794,1.3910618612912153e-07,0.8148148148148148,0.0136986301369863,23,3.0,0.2282419204711914
100,0.1,1.0,104,opt,inf,-inf,,-16.559567071873502,-16.559567071873524,-1.287248753562453e-15,0.8148148148148148,0.0136986301369863,23,1.0,0.021506071090698242
1600,0.1,1.0,104,original,-101.20750838599335,-101.20964829547236,-2.1143781851157714e-05,-101.20751465041926,-101.20751408219857,5.614411999835479e-09,0.96,0.04610169491525424,188,359.0,8.074635028839111
1600,0.1,1.0,104,opt,inf,-inf,,-101.20751505165308,-101.20751505165549,-2.3870216558042854e-14,0.96,0.04610169491525424,188,1.0,0.15863299369812012
10000,0.1,1.0,104,original,-348.0984834975821,-348.1061732697604,-2.209079482635324e-05,-348.0986559118957,-348.105426451454,-1.9450059468124786e-05,0.9726962457337884,0.028286372108321457,1113,131270.0,3600.9074280261993
10000,0.1,1.0,104,opt,inf,-inf,,-348.09871956049034,-348.09871958950987,-8.336580985762661e-11,0.9726962457337884,0.02894419471549172,1119,1.0,1.6443579196929932
