p,n,rep,k,formulation,root_ub,root_lb,root_gap,end_ub,end_lb,end_gap,support_size,node_count,time,status
500,250,1,50,original,8.914850210210792,8.869538897303924,0.005082677985432681,8.89895253347101,8.886411324720813,0.001409290442108327,50,19169.0,30.01102113723755,9
500,250,1,50,core,8.898952734721329,8.874617704894698,0.0027345947946978023,8.89895244773857,8.874617704894698,0.0027345626338362338,50,1.0,30.016242027282715,9
