m,n,dataset,formulation,root_ub,root_lb,root_gap,end_ub,end_lb,end_gap,node_count,time
10,442,diabetes,original,100.35631390948764,48.21473295310461,0.5195645288786717,100.35600843457914,53.992020160070986,0.46199514107550693,44971.0,10.004351139068604
10,442,diabetes,opt,1e+100,59.32894407413749,1.0,100.35600843457921,62.99233630517192,0.37231126179917956,7819.0,10.031723976135254
