m,n,dataset,formulation,root_ub,root_lb,root_gap,end_ub,end_lb,end_gap,nnz,node_count,time
100,1000,crime,original,124.48012492556171,48.64627370468534,0.6092044916104037,124.48012492556171,59.17063379090392,0.5246579819365736,34,254301.0,3600.0376601219177
100,1000,crime,opt,139.03806432206977,65.94981537523972,0.525670788810231,124.49679124010811,71.3027761474361,0.42727217756223523,34,170493.0,3600.1769230365753
