,m,n,dataset,formulation,root_ub,root_lb,root_gap,end_ub,end_lb,end_gap,node_count,time
0,2,50,diabetes,dp,-,-,-,18.525737318456294,18.525737318456294,0,-,2.7931017875671387
1,2,80,diabetes,dp,-,-,-,30.079614779862922,30.079614779862922,0,-,7.259251117706299
2,2,100,diabetes,dp,-,-,-,36.476753722308786,36.476753722308786,0,-,11.782835721969604
3,2,120,diabetes,dp,-,-,-,46.80938238230786,46.80938238230786,0,-,18.231022357940674
4,2,150,diabetes,dp,-,-,-,59.391605949338114,59.391605949338114,0,-,28.782806634902954
5,2,200,diabetes,dp,-,-,-,78.20528109713314,78.20528109713314,0,-,52.2701780796051
