,m,n,dataset,formulation,root_ub,root_lb,root_gap,end_ub,end_lb,end_gap,node_count,time
0,2,120,autompg,original,33.521730877854615,12.743576034984912,0.6198413476493939,33.521730877854615,28.358209047724415,0.1540350600911651,5405477.0,300.0093448162079
1,2,120,autompg,no_cut,38.45256171437289,-94.43203228642841,3.455806013338544,33.52172746698807,23.02282100555466,0.3131970591841559,99879.0,300.00709295272827
2,2,120,autompg,cut,45.212224043333286,33.52004524426506,0.2586065836500755,33.98823011659975,33.520160402558666,0.013771523625541236,121065.0,300.0578770637512
3,2,150,autompg,original,48.2456845307982,19.004055641409437,0.6060983313589846,48.2456845307982,33.392857633696984,0.3078581440298508,3901418.0,300.8345100879669
4,2,150,autompg,no_cut,61.45701236275605,-159.4189575364707,3.5939913348778596,48.41011215128222,22.458914728882036,0.5360697645422171,2144.0,300.455117225647
5,2,150,autompg,cut,58.175669659687614,48.23819584563928,0.17081838287689585,50.326979568897144,48.23861794559789,0.041495866455492525,44081.0,300.01543498039246
6,2,200,autompg,original,72.39194155814987,27.38980396553089,0.6216456780133514,72.31378135708587,40.478955379149085,0.44023179787454664,3415303.0,300.00996112823486
7,2,200,autompg,no_cut,76.67028260484167,-247.74394091538142,4.231290305687964,72.34161860648867,32.66330622936883,0.5484852722601495,14736.0,300.0159249305725
8,2,200,autompg,cut,84.4184418194165,72.30445572347976,0.1434992856401015,75.99067290307457,72.30509980502855,0.04850033507068607,88515.0,300.0352749824524
