,m,n,dataset,formulation,root_ub,root_lb,root_gap,end_ub,end_lb,end_gap,node_count,time
0,2,120,autompg,original,33.521730877854615,12.743576034984912,0.6198413476493939,33.521730877854615,28.45558529462723,0.1511301907913777,5929343.0,300.0058391094208
1,2,120,autompg,no_cut,38.45256171437289,-94.43203228642841,3.455806013338544,33.52172746698807,23.069932679803586,0.31179165207035725,102821.0,300.00805616378784
2,2,120,autompg,cut,45.212224043333286,33.52004524426506,0.2586065836500755,33.98822827266787,33.52016064552629,0.013771462972019127,122865.0,300.04727482795715
3,2,150,autompg,original,48.2456845307982,19.004055641409437,0.6060983313589846,48.2456845307982,33.65699581390798,0.302383287930703,4950399.0,300.0102379322052
4,2,150,autompg,no_cut,61.45701236275605,-159.4189575364707,3.5939913348778596,48.24568264072337,28.05873800975312,0.41841971190041344,64972.0,300.0041811466217
5,2,150,autompg,cut,58.175669659687614,48.23819584563928,0.17081838287689585,50.287845360031326,48.238641412339994,0.040749487933321456,121637.0,300.02378010749817
6,2,200,autompg,original,72.39194155814987,27.38980396553089,0.6216456780133514,72.31378135708587,40.72986088861222,0.4367621202452693,4209959.0,300.01034903526306
7,2,200,autompg,no_cut,76.67028260484167,-247.74394091538142,4.231290305687964,72.34161801613169,34.7712612169025,0.5193463711421447,51758.0,300.0150339603424
8,2,200,autompg,cut,84.4184418194165,72.30445572347976,0.1434992856401015,73.42229438758622,72.30510209690921,0.015215981739545019,104636.0,300.03436493873596
