,m,n,dataset,formulation,root_ub,root_lb,root_gap,end_ub,end_lb,end_gap,node_count,time
0,3,100,diabetes,original,31.345309329945195,11.389549788181602,0.6366426099582052,31.345309329945195,25.051217187270577,0.2007985334080486,6730439.0,300.00939202308655
1,3,100,diabetes,no_cut,31.345309382365045,12.605625566378189,0.5978465099001337,31.345308075961444,23.676446129945315,0.2446574118024809,2985364.0,300.0523090362549
2,3,100,diabetes,cut,32.02246399492894,19.438230770458276,0.39298141537339215,31.455171798570753,23.649185068513034,0.24816226660737561,3880332.0,300.0033509731293
